INSERT INTO users (username, email, created_at) VALUES ('user_1', 'user_1@example.com', NOW() - interval '1 days');
INSERT INTO users (username, email, created_at) VALUES ('user_2', 'user_2@example.com', NOW() - interval '2 days');
INSERT INTO users (username, email, created_at) VALUES ('user_3', 'user_3@example.com', NOW() - interval '3 days');
INSERT INTO users (username, email, created_at) VALUES ('user_4', 'user_4@example.com', NOW() - interval '4 days');
INSERT INTO users (username, email, created_at) VALUES ('user_5', 'user_5@example.com', NOW() - interval '5 days');
INSERT INTO users (username, email, created_at) VALUES ('user_6', 'user_6@example.com', NOW() - interval '6 days');
INSERT INTO users (username, email, created_at) VALUES ('user_7', 'user_7@example.com', NOW() - interval '7 days');
INSERT INTO users (username, email, created_at) VALUES ('user_8', 'user_8@example.com', NOW() - interval '8 days');
INSERT INTO users (username, email, created_at) VALUES ('user_9', 'user_9@example.com', NOW() - interval '9 days');
INSERT INTO users (username, email, created_at) VALUES ('user_10', 'user_10@example.com', NOW() - interval '10 days');
INSERT INTO users (username, email, created_at) VALUES ('user_11', 'user_11@example.com', NOW() - interval '11 days');
INSERT INTO users (username, email, created_at) VALUES ('user_12', 'user_12@example.com', NOW() - interval '12 days');
INSERT INTO users (username, email, created_at) VALUES ('user_13', 'user_13@example.com', NOW() - interval '13 days');
INSERT INTO users (username, email, created_at) VALUES ('user_14', 'user_14@example.com', NOW() - interval '14 days');
INSERT INTO users (username, email, created_at) VALUES ('user_15', 'user_15@example.com', NOW() - interval '15 days');
INSERT INTO users (username, email, created_at) VALUES ('user_16', 'user_16@example.com', NOW() - interval '16 days');
INSERT INTO users (username, email, created_at) VALUES ('user_17', 'user_17@example.com', NOW() - interval '17 days');
INSERT INTO users (username, email, created_at) VALUES ('user_18', 'user_18@example.com', NOW() - interval '18 days');
INSERT INTO users (username, email, created_at) VALUES ('user_19', 'user_19@example.com', NOW() - interval '19 days');
INSERT INTO users (username, email, created_at) VALUES ('user_20', 'user_20@example.com', NOW() - interval '20 days');
INSERT INTO users (username, email, created_at) VALUES ('user_21', 'user_21@example.com', NOW() - interval '21 days');
INSERT INTO users (username, email, created_at) VALUES ('user_22', 'user_22@example.com', NOW() - interval '22 days');
INSERT INTO users (username, email, created_at) VALUES ('user_23', 'user_23@example.com', NOW() - interval '23 days');
INSERT INTO users (username, email, created_at) VALUES ('user_24', 'user_24@example.com', NOW() - interval '24 days');
INSERT INTO users (username, email, created_at) VALUES ('user_25', 'user_25@example.com', NOW() - interval '25 days');
INSERT INTO users (username, email, created_at) VALUES ('user_26', 'user_26@example.com', NOW() - interval '26 days');
INSERT INTO users (username, email, created_at) VALUES ('user_27', 'user_27@example.com', NOW() - interval '27 days');
INSERT INTO users (username, email, created_at) VALUES ('user_28', 'user_28@example.com', NOW() - interval '28 days');
INSERT INTO users (username, email, created_at) VALUES ('user_29', 'user_29@example.com', NOW() - interval '29 days');
INSERT INTO users (username, email, created_at) VALUES ('user_30', 'user_30@example.com', NOW() - interval '30 days');
INSERT INTO users (username, email, created_at) VALUES ('user_31', 'user_31@example.com', NOW() - interval '31 days');
INSERT INTO users (username, email, created_at) VALUES ('user_32', 'user_32@example.com', NOW() - interval '32 days');
INSERT INTO users (username, email, created_at) VALUES ('user_33', 'user_33@example.com', NOW() - interval '33 days');
INSERT INTO users (username, email, created_at) VALUES ('user_34', 'user_34@example.com', NOW() - interval '34 days');
INSERT INTO users (username, email, created_at) VALUES ('user_35', 'user_35@example.com', NOW() - interval '35 days');
INSERT INTO users (username, email, created_at) VALUES ('user_36', 'user_36@example.com', NOW() - interval '36 days');
INSERT INTO users (username, email, created_at) VALUES ('user_37', 'user_37@example.com', NOW() - interval '37 days');
INSERT INTO users (username, email, created_at) VALUES ('user_38', 'user_38@example.com', NOW() - interval '38 days');
INSERT INTO users (username, email, created_at) VALUES ('user_39', 'user_39@example.com', NOW() - interval '39 days');
INSERT INTO users (username, email, created_at) VALUES ('user_40', 'user_40@example.com', NOW() - interval '40 days');
INSERT INTO users (username, email, created_at) VALUES ('user_41', 'user_41@example.com', NOW() - interval '41 days');
INSERT INTO users (username, email, created_at) VALUES ('user_42', 'user_42@example.com', NOW() - interval '42 days');
INSERT INTO users (username, email, created_at) VALUES ('user_43', 'user_43@example.com', NOW() - interval '43 days');
INSERT INTO users (username, email, created_at) VALUES ('user_44', 'user_44@example.com', NOW() - interval '44 days');
INSERT INTO users (username, email, created_at) VALUES ('user_45', 'user_45@example.com', NOW() - interval '45 days');
INSERT INTO users (username, email, created_at) VALUES ('user_46', 'user_46@example.com', NOW() - interval '46 days');
INSERT INTO users (username, email, created_at) VALUES ('user_47', 'user_47@example.com', NOW() - interval '47 days');
INSERT INTO users (username, email, created_at) VALUES ('user_48', 'user_48@example.com', NOW() - interval '48 days');
INSERT INTO users (username, email, created_at) VALUES ('user_49', 'user_49@example.com', NOW() - interval '49 days');
INSERT INTO users (username, email, created_at) VALUES ('user_50', 'user_50@example.com', NOW() - interval '50 days');
INSERT INTO users (username, email, created_at) VALUES ('user_51', 'user_51@example.com', NOW() - interval '51 days');
INSERT INTO users (username, email, created_at) VALUES ('user_52', 'user_52@example.com', NOW() - interval '52 days');
INSERT INTO users (username, email, created_at) VALUES ('user_53', 'user_53@example.com', NOW() - interval '53 days');
INSERT INTO users (username, email, created_at) VALUES ('user_54', 'user_54@example.com', NOW() - interval '54 days');
INSERT INTO users (username, email, created_at) VALUES ('user_55', 'user_55@example.com', NOW() - interval '55 days');
INSERT INTO users (username, email, created_at) VALUES ('user_56', 'user_56@example.com', NOW() - interval '56 days');
INSERT INTO users (username, email, created_at) VALUES ('user_57', 'user_57@example.com', NOW() - interval '57 days');
INSERT INTO users (username, email, created_at) VALUES ('user_58', 'user_58@example.com', NOW() - interval '58 days');
INSERT INTO users (username, email, created_at) VALUES ('user_59', 'user_59@example.com', NOW() - interval '59 days');
INSERT INTO users (username, email, created_at) VALUES ('user_60', 'user_60@example.com', NOW() - interval '60 days');
INSERT INTO users (username, email, created_at) VALUES ('user_61', 'user_61@example.com', NOW() - interval '61 days');
INSERT INTO users (username, email, created_at) VALUES ('user_62', 'user_62@example.com', NOW() - interval '62 days');
INSERT INTO users (username, email, created_at) VALUES ('user_63', 'user_63@example.com', NOW() - interval '63 days');
INSERT INTO users (username, email, created_at) VALUES ('user_64', 'user_64@example.com', NOW() - interval '64 days');
INSERT INTO users (username, email, created_at) VALUES ('user_65', 'user_65@example.com', NOW() - interval '65 days');
INSERT INTO users (username, email, created_at) VALUES ('user_66', 'user_66@example.com', NOW() - interval '66 days');
INSERT INTO users (username, email, created_at) VALUES ('user_67', 'user_67@example.com', NOW() - interval '67 days');
INSERT INTO users (username, email, created_at) VALUES ('user_68', 'user_68@example.com', NOW() - interval '68 days');
INSERT INTO users (username, email, created_at) VALUES ('user_69', 'user_69@example.com', NOW() - interval '69 days');
INSERT INTO users (username, email, created_at) VALUES ('user_70', 'user_70@example.com', NOW() - interval '70 days');
INSERT INTO users (username, email, created_at) VALUES ('user_71', 'user_71@example.com', NOW() - interval '71 days');
INSERT INTO users (username, email, created_at) VALUES ('user_72', 'user_72@example.com', NOW() - interval '72 days');
INSERT INTO users (username, email, created_at) VALUES ('user_73', 'user_73@example.com', NOW() - interval '73 days');
INSERT INTO users (username, email, created_at) VALUES ('user_74', 'user_74@example.com', NOW() - interval '74 days');
INSERT INTO users (username, email, created_at) VALUES ('user_75', 'user_75@example.com', NOW() - interval '75 days');
INSERT INTO users (username, email, created_at) VALUES ('user_76', 'user_76@example.com', NOW() - interval '76 days');
INSERT INTO users (username, email, created_at) VALUES ('user_77', 'user_77@example.com', NOW() - interval '77 days');
INSERT INTO users (username, email, created_at) VALUES ('user_78', 'user_78@example.com', NOW() - interval '78 days');
INSERT INTO users (username, email, created_at) VALUES ('user_79', 'user_79@example.com', NOW() - interval '79 days');
INSERT INTO users (username, email, created_at) VALUES ('user_80', 'user_80@example.com', NOW() - interval '80 days');
INSERT INTO users (username, email, created_at) VALUES ('user_81', 'user_81@example.com', NOW() - interval '81 days');
INSERT INTO users (username, email, created_at) VALUES ('user_82', 'user_82@example.com', NOW() - interval '82 days');
INSERT INTO users (username, email, created_at) VALUES ('user_83', 'user_83@example.com', NOW() - interval '83 days');
INSERT INTO users (username, email, created_at) VALUES ('user_84', 'user_84@example.com', NOW() - interval '84 days');
INSERT INTO users (username, email, created_at) VALUES ('user_85', 'user_85@example.com', NOW() - interval '85 days');
INSERT INTO users (username, email, created_at) VALUES ('user_86', 'user_86@example.com', NOW() - interval '86 days');
INSERT INTO users (username, email, created_at) VALUES ('user_87', 'user_87@example.com', NOW() - interval '87 days');
INSERT INTO users (username, email, created_at) VALUES ('user_88', 'user_88@example.com', NOW() - interval '88 days');
INSERT INTO users (username, email, created_at) VALUES ('user_89', 'user_89@example.com', NOW() - interval '89 days');
INSERT INTO users (username, email, created_at) VALUES ('user_90', 'user_90@example.com', NOW() - interval '90 days');
INSERT INTO users (username, email, created_at) VALUES ('user_91', 'user_91@example.com', NOW() - interval '91 days');
INSERT INTO users (username, email, created_at) VALUES ('user_92', 'user_92@example.com', NOW() - interval '92 days');
INSERT INTO users (username, email, created_at) VALUES ('user_93', 'user_93@example.com', NOW() - interval '93 days');
INSERT INTO users (username, email, created_at) VALUES ('user_94', 'user_94@example.com', NOW() - interval '94 days');
INSERT INTO users (username, email, created_at) VALUES ('user_95', 'user_95@example.com', NOW() - interval '95 days');
INSERT INTO users (username, email, created_at) VALUES ('user_96', 'user_96@example.com', NOW() - interval '96 days');
INSERT INTO users (username, email, created_at) VALUES ('user_97', 'user_97@example.com', NOW() - interval '97 days');
INSERT INTO users (username, email, created_at) VALUES ('user_98', 'user_98@example.com', NOW() - interval '98 days');
INSERT INTO users (username, email, created_at) VALUES ('user_99', 'user_99@example.com', NOW() - interval '99 days');
INSERT INTO users (username, email, created_at) VALUES ('user_100', 'user_100@example.com', NOW() - interval '100 days');
INSERT INTO users (username, email, created_at) VALUES ('user_101', 'user_101@example.com', NOW() - interval '101 days');
INSERT INTO users (username, email, created_at) VALUES ('user_102', 'user_102@example.com', NOW() - interval '102 days');
INSERT INTO users (username, email, created_at) VALUES ('user_103', 'user_103@example.com', NOW() - interval '103 days');
INSERT INTO users (username, email, created_at) VALUES ('user_104', 'user_104@example.com', NOW() - interval '104 days');
INSERT INTO users (username, email, created_at) VALUES ('user_105', 'user_105@example.com', NOW() - interval '105 days');
INSERT INTO users (username, email, created_at) VALUES ('user_106', 'user_106@example.com', NOW() - interval '106 days');
INSERT INTO users (username, email, created_at) VALUES ('user_107', 'user_107@example.com', NOW() - interval '107 days');
INSERT INTO users (username, email, created_at) VALUES ('user_108', 'user_108@example.com', NOW() - interval '108 days');
INSERT INTO users (username, email, created_at) VALUES ('user_109', 'user_109@example.com', NOW() - interval '109 days');
INSERT INTO users (username, email, created_at) VALUES ('user_110', 'user_110@example.com', NOW() - interval '110 days');
INSERT INTO users (username, email, created_at) VALUES ('user_111', 'user_111@example.com', NOW() - interval '111 days');
INSERT INTO users (username, email, created_at) VALUES ('user_112', 'user_112@example.com', NOW() - interval '112 days');
INSERT INTO users (username, email, created_at) VALUES ('user_113', 'user_113@example.com', NOW() - interval '113 days');
INSERT INTO users (username, email, created_at) VALUES ('user_114', 'user_114@example.com', NOW() - interval '114 days');
INSERT INTO users (username, email, created_at) VALUES ('user_115', 'user_115@example.com', NOW() - interval '115 days');
INSERT INTO users (username, email, created_at) VALUES ('user_116', 'user_116@example.com', NOW() - interval '116 days');
INSERT INTO users (username, email, created_at) VALUES ('user_117', 'user_117@example.com', NOW() - interval '117 days');
INSERT INTO users (username, email, created_at) VALUES ('user_118', 'user_118@example.com', NOW() - interval '118 days');
INSERT INTO users (username, email, created_at) VALUES ('user_119', 'user_119@example.com', NOW() - interval '119 days');
INSERT INTO users (username, email, created_at) VALUES ('user_120', 'user_120@example.com', NOW() - interval '120 days');
INSERT INTO users (username, email, created_at) VALUES ('user_121', 'user_121@example.com', NOW() - interval '121 days');
INSERT INTO users (username, email, created_at) VALUES ('user_122', 'user_122@example.com', NOW() - interval '122 days');
INSERT INTO users (username, email, created_at) VALUES ('user_123', 'user_123@example.com', NOW() - interval '123 days');
INSERT INTO users (username, email, created_at) VALUES ('user_124', 'user_124@example.com', NOW() - interval '124 days');
INSERT INTO users (username, email, created_at) VALUES ('user_125', 'user_125@example.com', NOW() - interval '125 days');
INSERT INTO users (username, email, created_at) VALUES ('user_126', 'user_126@example.com', NOW() - interval '126 days');
INSERT INTO users (username, email, created_at) VALUES ('user_127', 'user_127@example.com', NOW() - interval '127 days');
INSERT INTO users (username, email, created_at) VALUES ('user_128', 'user_128@example.com', NOW() - interval '128 days');
INSERT INTO users (username, email, created_at) VALUES ('user_129', 'user_129@example.com', NOW() - interval '129 days');
INSERT INTO users (username, email, created_at) VALUES ('user_130', 'user_130@example.com', NOW() - interval '130 days');
INSERT INTO users (username, email, created_at) VALUES ('user_131', 'user_131@example.com', NOW() - interval '131 days');
INSERT INTO users (username, email, created_at) VALUES ('user_132', 'user_132@example.com', NOW() - interval '132 days');
INSERT INTO users (username, email, created_at) VALUES ('user_133', 'user_133@example.com', NOW() - interval '133 days');
INSERT INTO users (username, email, created_at) VALUES ('user_134', 'user_134@example.com', NOW() - interval '134 days');
INSERT INTO users (username, email, created_at) VALUES ('user_135', 'user_135@example.com', NOW() - interval '135 days');
INSERT INTO users (username, email, created_at) VALUES ('user_136', 'user_136@example.com', NOW() - interval '136 days');
INSERT INTO users (username, email, created_at) VALUES ('user_137', 'user_137@example.com', NOW() - interval '137 days');
INSERT INTO users (username, email, created_at) VALUES ('user_138', 'user_138@example.com', NOW() - interval '138 days');
INSERT INTO users (username, email, created_at) VALUES ('user_139', 'user_139@example.com', NOW() - interval '139 days');
INSERT INTO users (username, email, created_at) VALUES ('user_140', 'user_140@example.com', NOW() - interval '140 days');
INSERT INTO users (username, email, created_at) VALUES ('user_141', 'user_141@example.com', NOW() - interval '141 days');
INSERT INTO users (username, email, created_at) VALUES ('user_142', 'user_142@example.com', NOW() - interval '142 days');
INSERT INTO users (username, email, created_at) VALUES ('user_143', 'user_143@example.com', NOW() - interval '143 days');
INSERT INTO users (username, email, created_at) VALUES ('user_144', 'user_144@example.com', NOW() - interval '144 days');
INSERT INTO users (username, email, created_at) VALUES ('user_145', 'user_145@example.com', NOW() - interval '145 days');
INSERT INTO users (username, email, created_at) VALUES ('user_146', 'user_146@example.com', NOW() - interval '146 days');
INSERT INTO users (username, email, created_at) VALUES ('user_147', 'user_147@example.com', NOW() - interval '147 days');
INSERT INTO users (username, email, created_at) VALUES ('user_148', 'user_148@example.com', NOW() - interval '148 days');
INSERT INTO users (username, email, created_at) VALUES ('user_149', 'user_149@example.com', NOW() - interval '149 days');
INSERT INTO users (username, email, created_at) VALUES ('user_150', 'user_150@example.com', NOW() - interval '150 days');

INSERT INTO products (name, description, price, category, created_at) VALUES ('Product 1', 'Description for product 1. Sample product for load testing.', 17.77, 'Electronics', NOW() - interval '1 days');
INSERT INTO products (name, description, price, category, created_at) VALUES ('Product 2', 'Description for product 2. Sample product for load testing.', 25.54, 'Books', NOW() - interval '2 days');
INSERT INTO products (name, description, price, category, created_at) VALUES ('Product 3', 'Description for product 3. Sample product for load testing.', 33.31, 'Clothing', NOW() - interval '3 days');
INSERT INTO products (name, description, price, category, created_at) VALUES ('Product 4', 'Description for product 4. Sample product for load testing.', 41.08, 'Home', NOW() - interval '4 days');
INSERT INTO products (name, description, price, category, created_at) VALUES ('Product 5', 'Description for product 5. Sample product for load testing.', 48.85, 'Sports', NOW() - interval '5 days');
INSERT INTO products (name, description, price, category, created_at) VALUES ('Product 6', 'Description for product 6. Sample product for load testing.', 56.62, 'Toys', NOW() - interval '6 days');
INSERT INTO products (name, description, price, category, created_at) VALUES ('Product 7', 'Description for product 7. Sample product for load testing.', 64.39, 'Food', NOW() - interval '7 days');
INSERT INTO products (name, description, price, category, created_at) VALUES ('Product 8', 'Description for product 8. Sample product for load testing.', 72.16, 'Beauty', NOW() - interval '8 days');
INSERT INTO products (name, description, price, category, created_at) VALUES ('Product 9', 'Description for product 9. Sample product for load testing.', 79.93, 'Auto', NOW() - interval '9 days');
INSERT INTO products (name, description, price, category, created_at) VALUES ('Product 10', 'Description for product 10. Sample product for load testing.', 87.7, 'Garden', NOW() - interval '10 days');
INSERT INTO products (name, description, price, category, created_at) VALUES ('Product 11', 'Description for product 11. Sample product for load testing.', 95.47, 'Electronics', NOW() - interval '11 days');
INSERT INTO products (name, description, price, category, created_at) VALUES ('Product 12', 'Description for product 12. Sample product for load testing.', 103.24, 'Books', NOW() - interval '12 days');
INSERT INTO products (name, description, price, category, created_at) VALUES ('Product 13', 'Description for product 13. Sample product for load testing.', 111.01, 'Clothing', NOW() - interval '13 days');
INSERT INTO products (name, description, price, category, created_at) VALUES ('Product 14', 'Description for product 14. Sample product for load testing.', 118.78, 'Home', NOW() - interval '14 days');
INSERT INTO products (name, description, price, category, created_at) VALUES ('Product 15', 'Description for product 15. Sample product for load testing.', 126.55, 'Sports', NOW() - interval '15 days');
INSERT INTO products (name, description, price, category, created_at) VALUES ('Product 16', 'Description for product 16. Sample product for load testing.', 134.32, 'Toys', NOW() - interval '16 days');
INSERT INTO products (name, description, price, category, created_at) VALUES ('Product 17', 'Description for product 17. Sample product for load testing.', 142.09, 'Food', NOW() - interval '17 days');
INSERT INTO products (name, description, price, category, created_at) VALUES ('Product 18', 'Description for product 18. Sample product for load testing.', 149.86, 'Beauty', NOW() - interval '18 days');
INSERT INTO products (name, description, price, category, created_at) VALUES ('Product 19', 'Description for product 19. Sample product for load testing.', 157.63, 'Auto', NOW() - interval '19 days');
INSERT INTO products (name, description, price, category, created_at) VALUES ('Product 20', 'Description for product 20. Sample product for load testing.', 165.4, 'Garden', NOW() - interval '20 days');
INSERT INTO products (name, description, price, category, created_at) VALUES ('Product 21', 'Description for product 21. Sample product for load testing.', 173.17, 'Electronics', NOW() - interval '21 days');
INSERT INTO products (name, description, price, category, created_at) VALUES ('Product 22', 'Description for product 22. Sample product for load testing.', 180.94, 'Books', NOW() - interval '22 days');
INSERT INTO products (name, description, price, category, created_at) VALUES ('Product 23', 'Description for product 23. Sample product for load testing.', 188.71, 'Clothing', NOW() - interval '23 days');
INSERT INTO products (name, description, price, category, created_at) VALUES ('Product 24', 'Description for product 24. Sample product for load testing.', 196.48, 'Home', NOW() - interval '24 days');
INSERT INTO products (name, description, price, category, created_at) VALUES ('Product 25', 'Description for product 25. Sample product for load testing.', 204.25, 'Sports', NOW() - interval '25 days');
INSERT INTO products (name, description, price, category, created_at) VALUES ('Product 26', 'Description for product 26. Sample product for load testing.', 212.02, 'Toys', NOW() - interval '26 days');
INSERT INTO products (name, description, price, category, created_at) VALUES ('Product 27', 'Description for product 27. Sample product for load testing.', 219.79, 'Food', NOW() - interval '27 days');
INSERT INTO products (name, description, price, category, created_at) VALUES ('Product 28', 'Description for product 28. Sample product for load testing.', 227.56, 'Beauty', NOW() - interval '28 days');
INSERT INTO products (name, description, price, category, created_at) VALUES ('Product 29', 'Description for product 29. Sample product for load testing.', 235.33, 'Auto', NOW() - interval '29 days');
INSERT INTO products (name, description, price, category, created_at) VALUES ('Product 30', 'Description for product 30. Sample product for load testing.', 243.1, 'Garden', NOW() - interval '30 days');
INSERT INTO products (name, description, price, category, created_at) VALUES ('Product 31', 'Description for product 31. Sample product for load testing.', 250.87, 'Electronics', NOW() - interval '31 days');
INSERT INTO products (name, description, price, category, created_at) VALUES ('Product 32', 'Description for product 32. Sample product for load testing.', 258.64, 'Books', NOW() - interval '32 days');
INSERT INTO products (name, description, price, category, created_at) VALUES ('Product 33', 'Description for product 33. Sample product for load testing.', 266.41, 'Clothing', NOW() - interval '33 days');
INSERT INTO products (name, description, price, category, created_at) VALUES ('Product 34', 'Description for product 34. Sample product for load testing.', 274.18, 'Home', NOW() - interval '34 days');
INSERT INTO products (name, description, price, category, created_at) VALUES ('Product 35', 'Description for product 35. Sample product for load testing.', 281.95, 'Sports', NOW() - interval '35 days');
INSERT INTO products (name, description, price, category, created_at) VALUES ('Product 36', 'Description for product 36. Sample product for load testing.', 289.72, 'Toys', NOW() - interval '36 days');
INSERT INTO products (name, description, price, category, created_at) VALUES ('Product 37', 'Description for product 37. Sample product for load testing.', 297.49, 'Food', NOW() - interval '37 days');
INSERT INTO products (name, description, price, category, created_at) VALUES ('Product 38', 'Description for product 38. Sample product for load testing.', 305.26, 'Beauty', NOW() - interval '38 days');
INSERT INTO products (name, description, price, category, created_at) VALUES ('Product 39', 'Description for product 39. Sample product for load testing.', 313.03, 'Auto', NOW() - interval '39 days');
INSERT INTO products (name, description, price, category, created_at) VALUES ('Product 40', 'Description for product 40. Sample product for load testing.', 320.8, 'Garden', NOW() - interval '40 days');
INSERT INTO products (name, description, price, category, created_at) VALUES ('Product 41', 'Description for product 41. Sample product for load testing.', 328.57, 'Electronics', NOW() - interval '41 days');
INSERT INTO products (name, description, price, category, created_at) VALUES ('Product 42', 'Description for product 42. Sample product for load testing.', 336.34, 'Books', NOW() - interval '42 days');
INSERT INTO products (name, description, price, category, created_at) VALUES ('Product 43', 'Description for product 43. Sample product for load testing.', 344.11, 'Clothing', NOW() - interval '43 days');
INSERT INTO products (name, description, price, category, created_at) VALUES ('Product 44', 'Description for product 44. Sample product for load testing.', 351.88, 'Home', NOW() - interval '44 days');
INSERT INTO products (name, description, price, category, created_at) VALUES ('Product 45', 'Description for product 45. Sample product for load testing.', 359.65, 'Sports', NOW() - interval '45 days');
INSERT INTO products (name, description, price, category, created_at) VALUES ('Product 46', 'Description for product 46. Sample product for load testing.', 367.42, 'Toys', NOW() - interval '46 days');
INSERT INTO products (name, description, price, category, created_at) VALUES ('Product 47', 'Description for product 47. Sample product for load testing.', 375.19, 'Food', NOW() - interval '47 days');
INSERT INTO products (name, description, price, category, created_at) VALUES ('Product 48', 'Description for product 48. Sample product for load testing.', 382.96, 'Beauty', NOW() - interval '48 days');
INSERT INTO products (name, description, price, category, created_at) VALUES ('Product 49', 'Description for product 49. Sample product for load testing.', 390.73, 'Auto', NOW() - interval '49 days');
INSERT INTO products (name, description, price, category, created_at) VALUES ('Product 50', 'Description for product 50. Sample product for load testing.', 398.5, 'Garden', NOW() - interval '50 days');
INSERT INTO products (name, description, price, category, created_at) VALUES ('Product 51', 'Description for product 51. Sample product for load testing.', 406.27, 'Electronics', NOW() - interval '51 days');
INSERT INTO products (name, description, price, category, created_at) VALUES ('Product 52', 'Description for product 52. Sample product for load testing.', 414.04, 'Books', NOW() - interval '52 days');
INSERT INTO products (name, description, price, category, created_at) VALUES ('Product 53', 'Description for product 53. Sample product for load testing.', 421.81, 'Clothing', NOW() - interval '53 days');
INSERT INTO products (name, description, price, category, created_at) VALUES ('Product 54', 'Description for product 54. Sample product for load testing.', 429.58, 'Home', NOW() - interval '54 days');
INSERT INTO products (name, description, price, category, created_at) VALUES ('Product 55', 'Description for product 55. Sample product for load testing.', 437.35, 'Sports', NOW() - interval '55 days');
INSERT INTO products (name, description, price, category, created_at) VALUES ('Product 56', 'Description for product 56. Sample product for load testing.', 445.12, 'Toys', NOW() - interval '56 days');
INSERT INTO products (name, description, price, category, created_at) VALUES ('Product 57', 'Description for product 57. Sample product for load testing.', 452.89, 'Food', NOW() - interval '57 days');
INSERT INTO products (name, description, price, category, created_at) VALUES ('Product 58', 'Description for product 58. Sample product for load testing.', 460.66, 'Beauty', NOW() - interval '58 days');
INSERT INTO products (name, description, price, category, created_at) VALUES ('Product 59', 'Description for product 59. Sample product for load testing.', 468.43, 'Auto', NOW() - interval '59 days');
INSERT INTO products (name, description, price, category, created_at) VALUES ('Product 60', 'Description for product 60. Sample product for load testing.', 476.2, 'Garden', NOW() - interval '60 days');
INSERT INTO products (name, description, price, category, created_at) VALUES ('Product 61', 'Description for product 61. Sample product for load testing.', 483.97, 'Electronics', NOW() - interval '61 days');
INSERT INTO products (name, description, price, category, created_at) VALUES ('Product 62', 'Description for product 62. Sample product for load testing.', 491.74, 'Books', NOW() - interval '62 days');
INSERT INTO products (name, description, price, category, created_at) VALUES ('Product 63', 'Description for product 63. Sample product for load testing.', 499.51, 'Clothing', NOW() - interval '63 days');
INSERT INTO products (name, description, price, category, created_at) VALUES ('Product 64', 'Description for product 64. Sample product for load testing.', 507.28, 'Home', NOW() - interval '64 days');
INSERT INTO products (name, description, price, category, created_at) VALUES ('Product 65', 'Description for product 65. Sample product for load testing.', 515.05, 'Sports', NOW() - interval '65 days');
INSERT INTO products (name, description, price, category, created_at) VALUES ('Product 66', 'Description for product 66. Sample product for load testing.', 522.82, 'Toys', NOW() - interval '66 days');
INSERT INTO products (name, description, price, category, created_at) VALUES ('Product 67', 'Description for product 67. Sample product for load testing.', 530.59, 'Food', NOW() - interval '67 days');
INSERT INTO products (name, description, price, category, created_at) VALUES ('Product 68', 'Description for product 68. Sample product for load testing.', 538.36, 'Beauty', NOW() - interval '68 days');
INSERT INTO products (name, description, price, category, created_at) VALUES ('Product 69', 'Description for product 69. Sample product for load testing.', 546.13, 'Auto', NOW() - interval '69 days');
INSERT INTO products (name, description, price, category, created_at) VALUES ('Product 70', 'Description for product 70. Sample product for load testing.', 553.9, 'Garden', NOW() - interval '70 days');
INSERT INTO products (name, description, price, category, created_at) VALUES ('Product 71', 'Description for product 71. Sample product for load testing.', 561.67, 'Electronics', NOW() - interval '71 days');
INSERT INTO products (name, description, price, category, created_at) VALUES ('Product 72', 'Description for product 72. Sample product for load testing.', 569.44, 'Books', NOW() - interval '72 days');
INSERT INTO products (name, description, price, category, created_at) VALUES ('Product 73', 'Description for product 73. Sample product for load testing.', 577.21, 'Clothing', NOW() - interval '73 days');
INSERT INTO products (name, description, price, category, created_at) VALUES ('Product 74', 'Description for product 74. Sample product for load testing.', 584.98, 'Home', NOW() - interval '74 days');
INSERT INTO products (name, description, price, category, created_at) VALUES ('Product 75', 'Description for product 75. Sample product for load testing.', 592.75, 'Sports', NOW() - interval '75 days');
INSERT INTO products (name, description, price, category, created_at) VALUES ('Product 76', 'Description for product 76. Sample product for load testing.', 600.52, 'Toys', NOW() - interval '76 days');
INSERT INTO products (name, description, price, category, created_at) VALUES ('Product 77', 'Description for product 77. Sample product for load testing.', 608.29, 'Food', NOW() - interval '77 days');
INSERT INTO products (name, description, price, category, created_at) VALUES ('Product 78', 'Description for product 78. Sample product for load testing.', 616.06, 'Beauty', NOW() - interval '78 days');
INSERT INTO products (name, description, price, category, created_at) VALUES ('Product 79', 'Description for product 79. Sample product for load testing.', 623.83, 'Auto', NOW() - interval '79 days');
INSERT INTO products (name, description, price, category, created_at) VALUES ('Product 80', 'Description for product 80. Sample product for load testing.', 631.6, 'Garden', NOW() - interval '80 days');
INSERT INTO products (name, description, price, category, created_at) VALUES ('Product 81', 'Description for product 81. Sample product for load testing.', 639.37, 'Electronics', NOW() - interval '81 days');
INSERT INTO products (name, description, price, category, created_at) VALUES ('Product 82', 'Description for product 82. Sample product for load testing.', 647.14, 'Books', NOW() - interval '82 days');
INSERT INTO products (name, description, price, category, created_at) VALUES ('Product 83', 'Description for product 83. Sample product for load testing.', 654.91, 'Clothing', NOW() - interval '83 days');
INSERT INTO products (name, description, price, category, created_at) VALUES ('Product 84', 'Description for product 84. Sample product for load testing.', 662.68, 'Home', NOW() - interval '84 days');
INSERT INTO products (name, description, price, category, created_at) VALUES ('Product 85', 'Description for product 85. Sample product for load testing.', 670.45, 'Sports', NOW() - interval '85 days');
INSERT INTO products (name, description, price, category, created_at) VALUES ('Product 86', 'Description for product 86. Sample product for load testing.', 678.22, 'Toys', NOW() - interval '86 days');
INSERT INTO products (name, description, price, category, created_at) VALUES ('Product 87', 'Description for product 87. Sample product for load testing.', 685.99, 'Food', NOW() - interval '87 days');
INSERT INTO products (name, description, price, category, created_at) VALUES ('Product 88', 'Description for product 88. Sample product for load testing.', 693.76, 'Beauty', NOW() - interval '88 days');
INSERT INTO products (name, description, price, category, created_at) VALUES ('Product 89', 'Description for product 89. Sample product for load testing.', 701.53, 'Auto', NOW() - interval '89 days');
INSERT INTO products (name, description, price, category, created_at) VALUES ('Product 90', 'Description for product 90. Sample product for load testing.', 709.3, 'Garden', NOW() - interval '90 days');
INSERT INTO products (name, description, price, category, created_at) VALUES ('Product 91', 'Description for product 91. Sample product for load testing.', 717.07, 'Electronics', NOW() - interval '91 days');
INSERT INTO products (name, description, price, category, created_at) VALUES ('Product 92', 'Description for product 92. Sample product for load testing.', 724.84, 'Books', NOW() - interval '92 days');
INSERT INTO products (name, description, price, category, created_at) VALUES ('Product 93', 'Description for product 93. Sample product for load testing.', 732.61, 'Clothing', NOW() - interval '93 days');
INSERT INTO products (name, description, price, category, created_at) VALUES ('Product 94', 'Description for product 94. Sample product for load testing.', 740.38, 'Home', NOW() - interval '94 days');
INSERT INTO products (name, description, price, category, created_at) VALUES ('Product 95', 'Description for product 95. Sample product for load testing.', 748.15, 'Sports', NOW() - interval '95 days');
INSERT INTO products (name, description, price, category, created_at) VALUES ('Product 96', 'Description for product 96. Sample product for load testing.', 755.92, 'Toys', NOW() - interval '96 days');
INSERT INTO products (name, description, price, category, created_at) VALUES ('Product 97', 'Description for product 97. Sample product for load testing.', 763.69, 'Food', NOW() - interval '97 days');
INSERT INTO products (name, description, price, category, created_at) VALUES ('Product 98', 'Description for product 98. Sample product for load testing.', 771.46, 'Beauty', NOW() - interval '98 days');
INSERT INTO products (name, description, price, category, created_at) VALUES ('Product 99', 'Description for product 99. Sample product for load testing.', 779.23, 'Auto', NOW() - interval '99 days');
INSERT INTO products (name, description, price, category, created_at) VALUES ('Product 100', 'Description for product 100. Sample product for load testing.', 787.0, 'Garden', NOW() - interval '100 days');
INSERT INTO products (name, description, price, category, created_at) VALUES ('Product 101', 'Description for product 101. Sample product for load testing.', 794.77, 'Electronics', NOW() - interval '101 days');
INSERT INTO products (name, description, price, category, created_at) VALUES ('Product 102', 'Description for product 102. Sample product for load testing.', 802.54, 'Books', NOW() - interval '102 days');
INSERT INTO products (name, description, price, category, created_at) VALUES ('Product 103', 'Description for product 103. Sample product for load testing.', 810.31, 'Clothing', NOW() - interval '103 days');
INSERT INTO products (name, description, price, category, created_at) VALUES ('Product 104', 'Description for product 104. Sample product for load testing.', 818.08, 'Home', NOW() - interval '104 days');
INSERT INTO products (name, description, price, category, created_at) VALUES ('Product 105', 'Description for product 105. Sample product for load testing.', 825.85, 'Sports', NOW() - interval '105 days');
INSERT INTO products (name, description, price, category, created_at) VALUES ('Product 106', 'Description for product 106. Sample product for load testing.', 833.62, 'Toys', NOW() - interval '106 days');
INSERT INTO products (name, description, price, category, created_at) VALUES ('Product 107', 'Description for product 107. Sample product for load testing.', 841.39, 'Food', NOW() - interval '107 days');
INSERT INTO products (name, description, price, category, created_at) VALUES ('Product 108', 'Description for product 108. Sample product for load testing.', 849.16, 'Beauty', NOW() - interval '108 days');
INSERT INTO products (name, description, price, category, created_at) VALUES ('Product 109', 'Description for product 109. Sample product for load testing.', 856.93, 'Auto', NOW() - interval '109 days');
INSERT INTO products (name, description, price, category, created_at) VALUES ('Product 110', 'Description for product 110. Sample product for load testing.', 864.7, 'Garden', NOW() - interval '110 days');
INSERT INTO products (name, description, price, category, created_at) VALUES ('Product 111', 'Description for product 111. Sample product for load testing.', 872.47, 'Electronics', NOW() - interval '111 days');
INSERT INTO products (name, description, price, category, created_at) VALUES ('Product 112', 'Description for product 112. Sample product for load testing.', 880.24, 'Books', NOW() - interval '112 days');
INSERT INTO products (name, description, price, category, created_at) VALUES ('Product 113', 'Description for product 113. Sample product for load testing.', 888.01, 'Clothing', NOW() - interval '113 days');
INSERT INTO products (name, description, price, category, created_at) VALUES ('Product 114', 'Description for product 114. Sample product for load testing.', 895.78, 'Home', NOW() - interval '114 days');
INSERT INTO products (name, description, price, category, created_at) VALUES ('Product 115', 'Description for product 115. Sample product for load testing.', 903.55, 'Sports', NOW() - interval '115 days');
INSERT INTO products (name, description, price, category, created_at) VALUES ('Product 116', 'Description for product 116. Sample product for load testing.', 911.32, 'Toys', NOW() - interval '116 days');
INSERT INTO products (name, description, price, category, created_at) VALUES ('Product 117', 'Description for product 117. Sample product for load testing.', 919.09, 'Food', NOW() - interval '117 days');
INSERT INTO products (name, description, price, category, created_at) VALUES ('Product 118', 'Description for product 118. Sample product for load testing.', 926.86, 'Beauty', NOW() - interval '118 days');
INSERT INTO products (name, description, price, category, created_at) VALUES ('Product 119', 'Description for product 119. Sample product for load testing.', 934.63, 'Auto', NOW() - interval '119 days');
INSERT INTO products (name, description, price, category, created_at) VALUES ('Product 120', 'Description for product 120. Sample product for load testing.', 942.4, 'Garden', NOW() - interval '120 days');
INSERT INTO products (name, description, price, category, created_at) VALUES ('Product 121', 'Description for product 121. Sample product for load testing.', 950.17, 'Electronics', NOW() - interval '121 days');
INSERT INTO products (name, description, price, category, created_at) VALUES ('Product 122', 'Description for product 122. Sample product for load testing.', 957.94, 'Books', NOW() - interval '122 days');
INSERT INTO products (name, description, price, category, created_at) VALUES ('Product 123', 'Description for product 123. Sample product for load testing.', 965.71, 'Clothing', NOW() - interval '123 days');
INSERT INTO products (name, description, price, category, created_at) VALUES ('Product 124', 'Description for product 124. Sample product for load testing.', 973.48, 'Home', NOW() - interval '124 days');
INSERT INTO products (name, description, price, category, created_at) VALUES ('Product 125', 'Description for product 125. Sample product for load testing.', 981.25, 'Sports', NOW() - interval '125 days');
INSERT INTO products (name, description, price, category, created_at) VALUES ('Product 126', 'Description for product 126. Sample product for load testing.', 989.02, 'Toys', NOW() - interval '126 days');
INSERT INTO products (name, description, price, category, created_at) VALUES ('Product 127', 'Description for product 127. Sample product for load testing.', 996.79, 'Food', NOW() - interval '127 days');
INSERT INTO products (name, description, price, category, created_at) VALUES ('Product 128', 'Description for product 128. Sample product for load testing.', 14.56, 'Beauty', NOW() - interval '128 days');
INSERT INTO products (name, description, price, category, created_at) VALUES ('Product 129', 'Description for product 129. Sample product for load testing.', 22.33, 'Auto', NOW() - interval '129 days');
INSERT INTO products (name, description, price, category, created_at) VALUES ('Product 130', 'Description for product 130. Sample product for load testing.', 30.1, 'Garden', NOW() - interval '130 days');
INSERT INTO products (name, description, price, category, created_at) VALUES ('Product 131', 'Description for product 131. Sample product for load testing.', 37.87, 'Electronics', NOW() - interval '131 days');
INSERT INTO products (name, description, price, category, created_at) VALUES ('Product 132', 'Description for product 132. Sample product for load testing.', 45.64, 'Books', NOW() - interval '132 days');
INSERT INTO products (name, description, price, category, created_at) VALUES ('Product 133', 'Description for product 133. Sample product for load testing.', 53.41, 'Clothing', NOW() - interval '133 days');
INSERT INTO products (name, description, price, category, created_at) VALUES ('Product 134', 'Description for product 134. Sample product for load testing.', 61.18, 'Home', NOW() - interval '134 days');
INSERT INTO products (name, description, price, category, created_at) VALUES ('Product 135', 'Description for product 135. Sample product for load testing.', 68.95, 'Sports', NOW() - interval '135 days');
INSERT INTO products (name, description, price, category, created_at) VALUES ('Product 136', 'Description for product 136. Sample product for load testing.', 76.72, 'Toys', NOW() - interval '136 days');
INSERT INTO products (name, description, price, category, created_at) VALUES ('Product 137', 'Description for product 137. Sample product for load testing.', 84.49, 'Food', NOW() - interval '137 days');
INSERT INTO products (name, description, price, category, created_at) VALUES ('Product 138', 'Description for product 138. Sample product for load testing.', 92.26, 'Beauty', NOW() - interval '138 days');
INSERT INTO products (name, description, price, category, created_at) VALUES ('Product 139', 'Description for product 139. Sample product for load testing.', 100.03, 'Auto', NOW() - interval '139 days');
INSERT INTO products (name, description, price, category, created_at) VALUES ('Product 140', 'Description for product 140. Sample product for load testing.', 107.8, 'Garden', NOW() - interval '140 days');
INSERT INTO products (name, description, price, category, created_at) VALUES ('Product 141', 'Description for product 141. Sample product for load testing.', 115.57, 'Electronics', NOW() - interval '141 days');
INSERT INTO products (name, description, price, category, created_at) VALUES ('Product 142', 'Description for product 142. Sample product for load testing.', 123.34, 'Books', NOW() - interval '142 days');
INSERT INTO products (name, description, price, category, created_at) VALUES ('Product 143', 'Description for product 143. Sample product for load testing.', 131.11, 'Clothing', NOW() - interval '143 days');
INSERT INTO products (name, description, price, category, created_at) VALUES ('Product 144', 'Description for product 144. Sample product for load testing.', 138.88, 'Home', NOW() - interval '144 days');
INSERT INTO products (name, description, price, category, created_at) VALUES ('Product 145', 'Description for product 145. Sample product for load testing.', 146.65, 'Sports', NOW() - interval '145 days');
INSERT INTO products (name, description, price, category, created_at) VALUES ('Product 146', 'Description for product 146. Sample product for load testing.', 154.42, 'Toys', NOW() - interval '146 days');
INSERT INTO products (name, description, price, category, created_at) VALUES ('Product 147', 'Description for product 147. Sample product for load testing.', 162.19, 'Food', NOW() - interval '147 days');
INSERT INTO products (name, description, price, category, created_at) VALUES ('Product 148', 'Description for product 148. Sample product for load testing.', 169.96, 'Beauty', NOW() - interval '148 days');
INSERT INTO products (name, description, price, category, created_at) VALUES ('Product 149', 'Description for product 149. Sample product for load testing.', 177.73, 'Auto', NOW() - interval '149 days');
INSERT INTO products (name, description, price, category, created_at) VALUES ('Product 150', 'Description for product 150. Sample product for load testing.', 185.5, 'Garden', NOW() - interval '150 days');

INSERT INTO orders (user_id, status, created_at) VALUES (2, 'PENDING', NOW() - interval '1 hours');
INSERT INTO orders (user_id, status, created_at) VALUES (3, 'PROCESSING', NOW() - interval '2 hours');
INSERT INTO orders (user_id, status, created_at) VALUES (4, 'COMPLETED', NOW() - interval '3 hours');
INSERT INTO orders (user_id, status, created_at) VALUES (5, 'CANCELLED', NOW() - interval '4 hours');
INSERT INTO orders (user_id, status, created_at) VALUES (6, 'PENDING', NOW() - interval '5 hours');
INSERT INTO orders (user_id, status, created_at) VALUES (7, 'PROCESSING', NOW() - interval '6 hours');
INSERT INTO orders (user_id, status, created_at) VALUES (8, 'COMPLETED', NOW() - interval '7 hours');
INSERT INTO orders (user_id, status, created_at) VALUES (9, 'CANCELLED', NOW() - interval '8 hours');
INSERT INTO orders (user_id, status, created_at) VALUES (10, 'PENDING', NOW() - interval '9 hours');
INSERT INTO orders (user_id, status, created_at) VALUES (11, 'PROCESSING', NOW() - interval '10 hours');
INSERT INTO orders (user_id, status, created_at) VALUES (12, 'COMPLETED', NOW() - interval '11 hours');
INSERT INTO orders (user_id, status, created_at) VALUES (13, 'CANCELLED', NOW() - interval '12 hours');
INSERT INTO orders (user_id, status, created_at) VALUES (14, 'PENDING', NOW() - interval '13 hours');
INSERT INTO orders (user_id, status, created_at) VALUES (15, 'PROCESSING', NOW() - interval '14 hours');
INSERT INTO orders (user_id, status, created_at) VALUES (16, 'COMPLETED', NOW() - interval '15 hours');
INSERT INTO orders (user_id, status, created_at) VALUES (17, 'CANCELLED', NOW() - interval '16 hours');
INSERT INTO orders (user_id, status, created_at) VALUES (18, 'PENDING', NOW() - interval '17 hours');
INSERT INTO orders (user_id, status, created_at) VALUES (19, 'PROCESSING', NOW() - interval '18 hours');
INSERT INTO orders (user_id, status, created_at) VALUES (20, 'COMPLETED', NOW() - interval '19 hours');
INSERT INTO orders (user_id, status, created_at) VALUES (21, 'CANCELLED', NOW() - interval '20 hours');
INSERT INTO orders (user_id, status, created_at) VALUES (22, 'PENDING', NOW() - interval '21 hours');
INSERT INTO orders (user_id, status, created_at) VALUES (23, 'PROCESSING', NOW() - interval '22 hours');
INSERT INTO orders (user_id, status, created_at) VALUES (24, 'COMPLETED', NOW() - interval '23 hours');
INSERT INTO orders (user_id, status, created_at) VALUES (25, 'CANCELLED', NOW() - interval '24 hours');
INSERT INTO orders (user_id, status, created_at) VALUES (26, 'PENDING', NOW() - interval '25 hours');
INSERT INTO orders (user_id, status, created_at) VALUES (27, 'PROCESSING', NOW() - interval '26 hours');
INSERT INTO orders (user_id, status, created_at) VALUES (28, 'COMPLETED', NOW() - interval '27 hours');
INSERT INTO orders (user_id, status, created_at) VALUES (29, 'CANCELLED', NOW() - interval '28 hours');
INSERT INTO orders (user_id, status, created_at) VALUES (30, 'PENDING', NOW() - interval '29 hours');
INSERT INTO orders (user_id, status, created_at) VALUES (31, 'PROCESSING', NOW() - interval '30 hours');
INSERT INTO orders (user_id, status, created_at) VALUES (32, 'COMPLETED', NOW() - interval '31 hours');
INSERT INTO orders (user_id, status, created_at) VALUES (33, 'CANCELLED', NOW() - interval '32 hours');
INSERT INTO orders (user_id, status, created_at) VALUES (34, 'PENDING', NOW() - interval '33 hours');
INSERT INTO orders (user_id, status, created_at) VALUES (35, 'PROCESSING', NOW() - interval '34 hours');
INSERT INTO orders (user_id, status, created_at) VALUES (36, 'COMPLETED', NOW() - interval '35 hours');
INSERT INTO orders (user_id, status, created_at) VALUES (37, 'CANCELLED', NOW() - interval '36 hours');
INSERT INTO orders (user_id, status, created_at) VALUES (38, 'PENDING', NOW() - interval '37 hours');
INSERT INTO orders (user_id, status, created_at) VALUES (39, 'PROCESSING', NOW() - interval '38 hours');
INSERT INTO orders (user_id, status, created_at) VALUES (40, 'COMPLETED', NOW() - interval '39 hours');
INSERT INTO orders (user_id, status, created_at) VALUES (41, 'CANCELLED', NOW() - interval '40 hours');
INSERT INTO orders (user_id, status, created_at) VALUES (42, 'PENDING', NOW() - interval '41 hours');
INSERT INTO orders (user_id, status, created_at) VALUES (43, 'PROCESSING', NOW() - interval '42 hours');
INSERT INTO orders (user_id, status, created_at) VALUES (44, 'COMPLETED', NOW() - interval '43 hours');
INSERT INTO orders (user_id, status, created_at) VALUES (45, 'CANCELLED', NOW() - interval '44 hours');
INSERT INTO orders (user_id, status, created_at) VALUES (46, 'PENDING', NOW() - interval '45 hours');
INSERT INTO orders (user_id, status, created_at) VALUES (47, 'PROCESSING', NOW() - interval '46 hours');
INSERT INTO orders (user_id, status, created_at) VALUES (48, 'COMPLETED', NOW() - interval '47 hours');
INSERT INTO orders (user_id, status, created_at) VALUES (49, 'CANCELLED', NOW() - interval '48 hours');
INSERT INTO orders (user_id, status, created_at) VALUES (50, 'PENDING', NOW() - interval '49 hours');
INSERT INTO orders (user_id, status, created_at) VALUES (51, 'PROCESSING', NOW() - interval '50 hours');
INSERT INTO orders (user_id, status, created_at) VALUES (52, 'COMPLETED', NOW() - interval '51 hours');
INSERT INTO orders (user_id, status, created_at) VALUES (53, 'CANCELLED', NOW() - interval '52 hours');
INSERT INTO orders (user_id, status, created_at) VALUES (54, 'PENDING', NOW() - interval '53 hours');
INSERT INTO orders (user_id, status, created_at) VALUES (55, 'PROCESSING', NOW() - interval '54 hours');
INSERT INTO orders (user_id, status, created_at) VALUES (56, 'COMPLETED', NOW() - interval '55 hours');
INSERT INTO orders (user_id, status, created_at) VALUES (57, 'CANCELLED', NOW() - interval '56 hours');
INSERT INTO orders (user_id, status, created_at) VALUES (58, 'PENDING', NOW() - interval '57 hours');
INSERT INTO orders (user_id, status, created_at) VALUES (59, 'PROCESSING', NOW() - interval '58 hours');
INSERT INTO orders (user_id, status, created_at) VALUES (60, 'COMPLETED', NOW() - interval '59 hours');
INSERT INTO orders (user_id, status, created_at) VALUES (61, 'CANCELLED', NOW() - interval '60 hours');
INSERT INTO orders (user_id, status, created_at) VALUES (62, 'PENDING', NOW() - interval '61 hours');
INSERT INTO orders (user_id, status, created_at) VALUES (63, 'PROCESSING', NOW() - interval '62 hours');
INSERT INTO orders (user_id, status, created_at) VALUES (64, 'COMPLETED', NOW() - interval '63 hours');
INSERT INTO orders (user_id, status, created_at) VALUES (65, 'CANCELLED', NOW() - interval '64 hours');
INSERT INTO orders (user_id, status, created_at) VALUES (66, 'PENDING', NOW() - interval '65 hours');
INSERT INTO orders (user_id, status, created_at) VALUES (67, 'PROCESSING', NOW() - interval '66 hours');
INSERT INTO orders (user_id, status, created_at) VALUES (68, 'COMPLETED', NOW() - interval '67 hours');
INSERT INTO orders (user_id, status, created_at) VALUES (69, 'CANCELLED', NOW() - interval '68 hours');
INSERT INTO orders (user_id, status, created_at) VALUES (70, 'PENDING', NOW() - interval '69 hours');
INSERT INTO orders (user_id, status, created_at) VALUES (71, 'PROCESSING', NOW() - interval '70 hours');
INSERT INTO orders (user_id, status, created_at) VALUES (72, 'COMPLETED', NOW() - interval '71 hours');
INSERT INTO orders (user_id, status, created_at) VALUES (73, 'CANCELLED', NOW() - interval '72 hours');
INSERT INTO orders (user_id, status, created_at) VALUES (74, 'PENDING', NOW() - interval '73 hours');
INSERT INTO orders (user_id, status, created_at) VALUES (75, 'PROCESSING', NOW() - interval '74 hours');
INSERT INTO orders (user_id, status, created_at) VALUES (76, 'COMPLETED', NOW() - interval '75 hours');
INSERT INTO orders (user_id, status, created_at) VALUES (77, 'CANCELLED', NOW() - interval '76 hours');
INSERT INTO orders (user_id, status, created_at) VALUES (78, 'PENDING', NOW() - interval '77 hours');
INSERT INTO orders (user_id, status, created_at) VALUES (79, 'PROCESSING', NOW() - interval '78 hours');
INSERT INTO orders (user_id, status, created_at) VALUES (80, 'COMPLETED', NOW() - interval '79 hours');
INSERT INTO orders (user_id, status, created_at) VALUES (81, 'CANCELLED', NOW() - interval '80 hours');
INSERT INTO orders (user_id, status, created_at) VALUES (82, 'PENDING', NOW() - interval '81 hours');
INSERT INTO orders (user_id, status, created_at) VALUES (83, 'PROCESSING', NOW() - interval '82 hours');
INSERT INTO orders (user_id, status, created_at) VALUES (84, 'COMPLETED', NOW() - interval '83 hours');
INSERT INTO orders (user_id, status, created_at) VALUES (85, 'CANCELLED', NOW() - interval '84 hours');
INSERT INTO orders (user_id, status, created_at) VALUES (86, 'PENDING', NOW() - interval '85 hours');
INSERT INTO orders (user_id, status, created_at) VALUES (87, 'PROCESSING', NOW() - interval '86 hours');
INSERT INTO orders (user_id, status, created_at) VALUES (88, 'COMPLETED', NOW() - interval '87 hours');
INSERT INTO orders (user_id, status, created_at) VALUES (89, 'CANCELLED', NOW() - interval '88 hours');
INSERT INTO orders (user_id, status, created_at) VALUES (90, 'PENDING', NOW() - interval '89 hours');
INSERT INTO orders (user_id, status, created_at) VALUES (91, 'PROCESSING', NOW() - interval '90 hours');
INSERT INTO orders (user_id, status, created_at) VALUES (92, 'COMPLETED', NOW() - interval '91 hours');
INSERT INTO orders (user_id, status, created_at) VALUES (93, 'CANCELLED', NOW() - interval '92 hours');
INSERT INTO orders (user_id, status, created_at) VALUES (94, 'PENDING', NOW() - interval '93 hours');
INSERT INTO orders (user_id, status, created_at) VALUES (95, 'PROCESSING', NOW() - interval '94 hours');
INSERT INTO orders (user_id, status, created_at) VALUES (96, 'COMPLETED', NOW() - interval '95 hours');
INSERT INTO orders (user_id, status, created_at) VALUES (97, 'CANCELLED', NOW() - interval '96 hours');
INSERT INTO orders (user_id, status, created_at) VALUES (98, 'PENDING', NOW() - interval '97 hours');
INSERT INTO orders (user_id, status, created_at) VALUES (99, 'PROCESSING', NOW() - interval '98 hours');
INSERT INTO orders (user_id, status, created_at) VALUES (100, 'COMPLETED', NOW() - interval '99 hours');
INSERT INTO orders (user_id, status, created_at) VALUES (101, 'CANCELLED', NOW() - interval '100 hours');
INSERT INTO orders (user_id, status, created_at) VALUES (102, 'PENDING', NOW() - interval '101 hours');
INSERT INTO orders (user_id, status, created_at) VALUES (103, 'PROCESSING', NOW() - interval '102 hours');
INSERT INTO orders (user_id, status, created_at) VALUES (104, 'COMPLETED', NOW() - interval '103 hours');
INSERT INTO orders (user_id, status, created_at) VALUES (105, 'CANCELLED', NOW() - interval '104 hours');
INSERT INTO orders (user_id, status, created_at) VALUES (106, 'PENDING', NOW() - interval '105 hours');
INSERT INTO orders (user_id, status, created_at) VALUES (107, 'PROCESSING', NOW() - interval '106 hours');
INSERT INTO orders (user_id, status, created_at) VALUES (108, 'COMPLETED', NOW() - interval '107 hours');
INSERT INTO orders (user_id, status, created_at) VALUES (109, 'CANCELLED', NOW() - interval '108 hours');
INSERT INTO orders (user_id, status, created_at) VALUES (110, 'PENDING', NOW() - interval '109 hours');
INSERT INTO orders (user_id, status, created_at) VALUES (111, 'PROCESSING', NOW() - interval '110 hours');
INSERT INTO orders (user_id, status, created_at) VALUES (112, 'COMPLETED', NOW() - interval '111 hours');
INSERT INTO orders (user_id, status, created_at) VALUES (113, 'CANCELLED', NOW() - interval '112 hours');
INSERT INTO orders (user_id, status, created_at) VALUES (114, 'PENDING', NOW() - interval '113 hours');
INSERT INTO orders (user_id, status, created_at) VALUES (115, 'PROCESSING', NOW() - interval '114 hours');
INSERT INTO orders (user_id, status, created_at) VALUES (116, 'COMPLETED', NOW() - interval '115 hours');
INSERT INTO orders (user_id, status, created_at) VALUES (117, 'CANCELLED', NOW() - interval '116 hours');
INSERT INTO orders (user_id, status, created_at) VALUES (118, 'PENDING', NOW() - interval '117 hours');
INSERT INTO orders (user_id, status, created_at) VALUES (119, 'PROCESSING', NOW() - interval '118 hours');
INSERT INTO orders (user_id, status, created_at) VALUES (120, 'COMPLETED', NOW() - interval '119 hours');
INSERT INTO orders (user_id, status, created_at) VALUES (121, 'CANCELLED', NOW() - interval '120 hours');
INSERT INTO orders (user_id, status, created_at) VALUES (122, 'PENDING', NOW() - interval '121 hours');
INSERT INTO orders (user_id, status, created_at) VALUES (123, 'PROCESSING', NOW() - interval '122 hours');
INSERT INTO orders (user_id, status, created_at) VALUES (124, 'COMPLETED', NOW() - interval '123 hours');
INSERT INTO orders (user_id, status, created_at) VALUES (125, 'CANCELLED', NOW() - interval '124 hours');
INSERT INTO orders (user_id, status, created_at) VALUES (126, 'PENDING', NOW() - interval '125 hours');
INSERT INTO orders (user_id, status, created_at) VALUES (127, 'PROCESSING', NOW() - interval '126 hours');
INSERT INTO orders (user_id, status, created_at) VALUES (128, 'COMPLETED', NOW() - interval '127 hours');
INSERT INTO orders (user_id, status, created_at) VALUES (129, 'CANCELLED', NOW() - interval '128 hours');
INSERT INTO orders (user_id, status, created_at) VALUES (130, 'PENDING', NOW() - interval '129 hours');
INSERT INTO orders (user_id, status, created_at) VALUES (131, 'PROCESSING', NOW() - interval '130 hours');
INSERT INTO orders (user_id, status, created_at) VALUES (132, 'COMPLETED', NOW() - interval '131 hours');
INSERT INTO orders (user_id, status, created_at) VALUES (133, 'CANCELLED', NOW() - interval '132 hours');
INSERT INTO orders (user_id, status, created_at) VALUES (134, 'PENDING', NOW() - interval '133 hours');
INSERT INTO orders (user_id, status, created_at) VALUES (135, 'PROCESSING', NOW() - interval '134 hours');
INSERT INTO orders (user_id, status, created_at) VALUES (136, 'COMPLETED', NOW() - interval '135 hours');
INSERT INTO orders (user_id, status, created_at) VALUES (137, 'CANCELLED', NOW() - interval '136 hours');
INSERT INTO orders (user_id, status, created_at) VALUES (138, 'PENDING', NOW() - interval '137 hours');
INSERT INTO orders (user_id, status, created_at) VALUES (139, 'PROCESSING', NOW() - interval '138 hours');
INSERT INTO orders (user_id, status, created_at) VALUES (140, 'COMPLETED', NOW() - interval '139 hours');
INSERT INTO orders (user_id, status, created_at) VALUES (141, 'CANCELLED', NOW() - interval '140 hours');
INSERT INTO orders (user_id, status, created_at) VALUES (142, 'PENDING', NOW() - interval '141 hours');
INSERT INTO orders (user_id, status, created_at) VALUES (143, 'PROCESSING', NOW() - interval '142 hours');
INSERT INTO orders (user_id, status, created_at) VALUES (144, 'COMPLETED', NOW() - interval '143 hours');
INSERT INTO orders (user_id, status, created_at) VALUES (145, 'CANCELLED', NOW() - interval '144 hours');
INSERT INTO orders (user_id, status, created_at) VALUES (146, 'PENDING', NOW() - interval '145 hours');
INSERT INTO orders (user_id, status, created_at) VALUES (147, 'PROCESSING', NOW() - interval '146 hours');
INSERT INTO orders (user_id, status, created_at) VALUES (148, 'COMPLETED', NOW() - interval '147 hours');
INSERT INTO orders (user_id, status, created_at) VALUES (149, 'CANCELLED', NOW() - interval '148 hours');
INSERT INTO orders (user_id, status, created_at) VALUES (150, 'PENDING', NOW() - interval '149 hours');
INSERT INTO orders (user_id, status, created_at) VALUES (1, 'PROCESSING', NOW() - interval '150 hours');

INSERT INTO order_items (order_id, product_id, quantity, price) VALUES (1, 4, 2, 15.55);
INSERT INTO order_items (order_id, product_id, quantity, price) VALUES (2, 7, 3, 21.1);
INSERT INTO order_items (order_id, product_id, quantity, price) VALUES (3, 10, 4, 26.65);
INSERT INTO order_items (order_id, product_id, quantity, price) VALUES (4, 13, 5, 32.2);
INSERT INTO order_items (order_id, product_id, quantity, price) VALUES (5, 16, 1, 37.75);
INSERT INTO order_items (order_id, product_id, quantity, price) VALUES (6, 19, 2, 43.3);
INSERT INTO order_items (order_id, product_id, quantity, price) VALUES (7, 22, 3, 48.85);
INSERT INTO order_items (order_id, product_id, quantity, price) VALUES (8, 25, 4, 54.4);
INSERT INTO order_items (order_id, product_id, quantity, price) VALUES (9, 28, 5, 59.95);
INSERT INTO order_items (order_id, product_id, quantity, price) VALUES (10, 31, 1, 65.5);
INSERT INTO order_items (order_id, product_id, quantity, price) VALUES (11, 34, 2, 71.05);
INSERT INTO order_items (order_id, product_id, quantity, price) VALUES (12, 37, 3, 76.6);
INSERT INTO order_items (order_id, product_id, quantity, price) VALUES (13, 40, 4, 82.15);
INSERT INTO order_items (order_id, product_id, quantity, price) VALUES (14, 43, 5, 87.7);
INSERT INTO order_items (order_id, product_id, quantity, price) VALUES (15, 46, 1, 93.25);
INSERT INTO order_items (order_id, product_id, quantity, price) VALUES (16, 49, 2, 98.8);
INSERT INTO order_items (order_id, product_id, quantity, price) VALUES (17, 52, 3, 104.35);
INSERT INTO order_items (order_id, product_id, quantity, price) VALUES (18, 55, 4, 109.9);
INSERT INTO order_items (order_id, product_id, quantity, price) VALUES (19, 58, 5, 115.45);
INSERT INTO order_items (order_id, product_id, quantity, price) VALUES (20, 61, 1, 121.0);
INSERT INTO order_items (order_id, product_id, quantity, price) VALUES (21, 64, 2, 126.55);
INSERT INTO order_items (order_id, product_id, quantity, price) VALUES (22, 67, 3, 132.1);
INSERT INTO order_items (order_id, product_id, quantity, price) VALUES (23, 70, 4, 137.65);
INSERT INTO order_items (order_id, product_id, quantity, price) VALUES (24, 73, 5, 143.2);
INSERT INTO order_items (order_id, product_id, quantity, price) VALUES (25, 76, 1, 148.75);
INSERT INTO order_items (order_id, product_id, quantity, price) VALUES (26, 79, 2, 154.3);
INSERT INTO order_items (order_id, product_id, quantity, price) VALUES (27, 82, 3, 159.85);
INSERT INTO order_items (order_id, product_id, quantity, price) VALUES (28, 85, 4, 165.4);
INSERT INTO order_items (order_id, product_id, quantity, price) VALUES (29, 88, 5, 170.95);
INSERT INTO order_items (order_id, product_id, quantity, price) VALUES (30, 91, 1, 176.5);
INSERT INTO order_items (order_id, product_id, quantity, price) VALUES (31, 94, 2, 182.05);
INSERT INTO order_items (order_id, product_id, quantity, price) VALUES (32, 97, 3, 187.6);
INSERT INTO order_items (order_id, product_id, quantity, price) VALUES (33, 100, 4, 193.15);
INSERT INTO order_items (order_id, product_id, quantity, price) VALUES (34, 103, 5, 198.7);
INSERT INTO order_items (order_id, product_id, quantity, price) VALUES (35, 106, 1, 204.25);
INSERT INTO order_items (order_id, product_id, quantity, price) VALUES (36, 109, 2, 209.8);
INSERT INTO order_items (order_id, product_id, quantity, price) VALUES (37, 112, 3, 215.35);
INSERT INTO order_items (order_id, product_id, quantity, price) VALUES (38, 115, 4, 220.9);
INSERT INTO order_items (order_id, product_id, quantity, price) VALUES (39, 118, 5, 226.45);
INSERT INTO order_items (order_id, product_id, quantity, price) VALUES (40, 121, 1, 232.0);
INSERT INTO order_items (order_id, product_id, quantity, price) VALUES (41, 124, 2, 237.55);
INSERT INTO order_items (order_id, product_id, quantity, price) VALUES (42, 127, 3, 243.1);
INSERT INTO order_items (order_id, product_id, quantity, price) VALUES (43, 130, 4, 248.65);
INSERT INTO order_items (order_id, product_id, quantity, price) VALUES (44, 133, 5, 254.2);
INSERT INTO order_items (order_id, product_id, quantity, price) VALUES (45, 136, 1, 259.75);
INSERT INTO order_items (order_id, product_id, quantity, price) VALUES (46, 139, 2, 265.3);
INSERT INTO order_items (order_id, product_id, quantity, price) VALUES (47, 142, 3, 270.85);
INSERT INTO order_items (order_id, product_id, quantity, price) VALUES (48, 145, 4, 276.4);
INSERT INTO order_items (order_id, product_id, quantity, price) VALUES (49, 148, 5, 281.95);
INSERT INTO order_items (order_id, product_id, quantity, price) VALUES (50, 1, 1, 287.5);
INSERT INTO order_items (order_id, product_id, quantity, price) VALUES (51, 4, 2, 293.05);
INSERT INTO order_items (order_id, product_id, quantity, price) VALUES (52, 7, 3, 298.6);
INSERT INTO order_items (order_id, product_id, quantity, price) VALUES (53, 10, 4, 304.15);
INSERT INTO order_items (order_id, product_id, quantity, price) VALUES (54, 13, 5, 309.7);
INSERT INTO order_items (order_id, product_id, quantity, price) VALUES (55, 16, 1, 315.25);
INSERT INTO order_items (order_id, product_id, quantity, price) VALUES (56, 19, 2, 320.8);
INSERT INTO order_items (order_id, product_id, quantity, price) VALUES (57, 22, 3, 326.35);
INSERT INTO order_items (order_id, product_id, quantity, price) VALUES (58, 25, 4, 331.9);
INSERT INTO order_items (order_id, product_id, quantity, price) VALUES (59, 28, 5, 337.45);
INSERT INTO order_items (order_id, product_id, quantity, price) VALUES (60, 31, 1, 343.0);
INSERT INTO order_items (order_id, product_id, quantity, price) VALUES (61, 34, 2, 348.55);
INSERT INTO order_items (order_id, product_id, quantity, price) VALUES (62, 37, 3, 354.1);
INSERT INTO order_items (order_id, product_id, quantity, price) VALUES (63, 40, 4, 359.65);
INSERT INTO order_items (order_id, product_id, quantity, price) VALUES (64, 43, 5, 365.2);
INSERT INTO order_items (order_id, product_id, quantity, price) VALUES (65, 46, 1, 370.75);
INSERT INTO order_items (order_id, product_id, quantity, price) VALUES (66, 49, 2, 376.3);
INSERT INTO order_items (order_id, product_id, quantity, price) VALUES (67, 52, 3, 381.85);
INSERT INTO order_items (order_id, product_id, quantity, price) VALUES (68, 55, 4, 387.4);
INSERT INTO order_items (order_id, product_id, quantity, price) VALUES (69, 58, 5, 392.95);
INSERT INTO order_items (order_id, product_id, quantity, price) VALUES (70, 61, 1, 398.5);
INSERT INTO order_items (order_id, product_id, quantity, price) VALUES (71, 64, 2, 404.05);
INSERT INTO order_items (order_id, product_id, quantity, price) VALUES (72, 67, 3, 409.6);
INSERT INTO order_items (order_id, product_id, quantity, price) VALUES (73, 70, 4, 415.15);
INSERT INTO order_items (order_id, product_id, quantity, price) VALUES (74, 73, 5, 420.7);
INSERT INTO order_items (order_id, product_id, quantity, price) VALUES (75, 76, 1, 426.25);
INSERT INTO order_items (order_id, product_id, quantity, price) VALUES (76, 79, 2, 431.8);
INSERT INTO order_items (order_id, product_id, quantity, price) VALUES (77, 82, 3, 437.35);
INSERT INTO order_items (order_id, product_id, quantity, price) VALUES (78, 85, 4, 442.9);
INSERT INTO order_items (order_id, product_id, quantity, price) VALUES (79, 88, 5, 448.45);
INSERT INTO order_items (order_id, product_id, quantity, price) VALUES (80, 91, 1, 454.0);
INSERT INTO order_items (order_id, product_id, quantity, price) VALUES (81, 94, 2, 459.55);
INSERT INTO order_items (order_id, product_id, quantity, price) VALUES (82, 97, 3, 465.1);
INSERT INTO order_items (order_id, product_id, quantity, price) VALUES (83, 100, 4, 470.65);
INSERT INTO order_items (order_id, product_id, quantity, price) VALUES (84, 103, 5, 476.2);
INSERT INTO order_items (order_id, product_id, quantity, price) VALUES (85, 106, 1, 481.75);
INSERT INTO order_items (order_id, product_id, quantity, price) VALUES (86, 109, 2, 487.3);
INSERT INTO order_items (order_id, product_id, quantity, price) VALUES (87, 112, 3, 492.85);
INSERT INTO order_items (order_id, product_id, quantity, price) VALUES (88, 115, 4, 498.4);
INSERT INTO order_items (order_id, product_id, quantity, price) VALUES (89, 118, 5, 503.95);
INSERT INTO order_items (order_id, product_id, quantity, price) VALUES (90, 121, 1, 509.5);
INSERT INTO order_items (order_id, product_id, quantity, price) VALUES (91, 124, 2, 15.05);
INSERT INTO order_items (order_id, product_id, quantity, price) VALUES (92, 127, 3, 20.6);
INSERT INTO order_items (order_id, product_id, quantity, price) VALUES (93, 130, 4, 26.15);
INSERT INTO order_items (order_id, product_id, quantity, price) VALUES (94, 133, 5, 31.7);
INSERT INTO order_items (order_id, product_id, quantity, price) VALUES (95, 136, 1, 37.25);
INSERT INTO order_items (order_id, product_id, quantity, price) VALUES (96, 139, 2, 42.8);
INSERT INTO order_items (order_id, product_id, quantity, price) VALUES (97, 142, 3, 48.35);
INSERT INTO order_items (order_id, product_id, quantity, price) VALUES (98, 145, 4, 53.9);
INSERT INTO order_items (order_id, product_id, quantity, price) VALUES (99, 148, 5, 59.45);
INSERT INTO order_items (order_id, product_id, quantity, price) VALUES (100, 1, 1, 65.0);
INSERT INTO order_items (order_id, product_id, quantity, price) VALUES (101, 4, 2, 70.55);
INSERT INTO order_items (order_id, product_id, quantity, price) VALUES (102, 7, 3, 76.1);
INSERT INTO order_items (order_id, product_id, quantity, price) VALUES (103, 10, 4, 81.65);
INSERT INTO order_items (order_id, product_id, quantity, price) VALUES (104, 13, 5, 87.2);
INSERT INTO order_items (order_id, product_id, quantity, price) VALUES (105, 16, 1, 92.75);
INSERT INTO order_items (order_id, product_id, quantity, price) VALUES (106, 19, 2, 98.3);
INSERT INTO order_items (order_id, product_id, quantity, price) VALUES (107, 22, 3, 103.85);
INSERT INTO order_items (order_id, product_id, quantity, price) VALUES (108, 25, 4, 109.4);
INSERT INTO order_items (order_id, product_id, quantity, price) VALUES (109, 28, 5, 114.95);
INSERT INTO order_items (order_id, product_id, quantity, price) VALUES (110, 31, 1, 120.5);
INSERT INTO order_items (order_id, product_id, quantity, price) VALUES (111, 34, 2, 126.05);
INSERT INTO order_items (order_id, product_id, quantity, price) VALUES (112, 37, 3, 131.6);
INSERT INTO order_items (order_id, product_id, quantity, price) VALUES (113, 40, 4, 137.15);
INSERT INTO order_items (order_id, product_id, quantity, price) VALUES (114, 43, 5, 142.7);
INSERT INTO order_items (order_id, product_id, quantity, price) VALUES (115, 46, 1, 148.25);
INSERT INTO order_items (order_id, product_id, quantity, price) VALUES (116, 49, 2, 153.8);
INSERT INTO order_items (order_id, product_id, quantity, price) VALUES (117, 52, 3, 159.35);
INSERT INTO order_items (order_id, product_id, quantity, price) VALUES (118, 55, 4, 164.9);
INSERT INTO order_items (order_id, product_id, quantity, price) VALUES (119, 58, 5, 170.45);
INSERT INTO order_items (order_id, product_id, quantity, price) VALUES (120, 61, 1, 176.0);
INSERT INTO order_items (order_id, product_id, quantity, price) VALUES (121, 64, 2, 181.55);
INSERT INTO order_items (order_id, product_id, quantity, price) VALUES (122, 67, 3, 187.1);
INSERT INTO order_items (order_id, product_id, quantity, price) VALUES (123, 70, 4, 192.65);
INSERT INTO order_items (order_id, product_id, quantity, price) VALUES (124, 73, 5, 198.2);
INSERT INTO order_items (order_id, product_id, quantity, price) VALUES (125, 76, 1, 203.75);
INSERT INTO order_items (order_id, product_id, quantity, price) VALUES (126, 79, 2, 209.3);
INSERT INTO order_items (order_id, product_id, quantity, price) VALUES (127, 82, 3, 214.85);
INSERT INTO order_items (order_id, product_id, quantity, price) VALUES (128, 85, 4, 220.4);
INSERT INTO order_items (order_id, product_id, quantity, price) VALUES (129, 88, 5, 225.95);
INSERT INTO order_items (order_id, product_id, quantity, price) VALUES (130, 91, 1, 231.5);
INSERT INTO order_items (order_id, product_id, quantity, price) VALUES (131, 94, 2, 237.05);
INSERT INTO order_items (order_id, product_id, quantity, price) VALUES (132, 97, 3, 242.6);
INSERT INTO order_items (order_id, product_id, quantity, price) VALUES (133, 100, 4, 248.15);
INSERT INTO order_items (order_id, product_id, quantity, price) VALUES (134, 103, 5, 253.7);
INSERT INTO order_items (order_id, product_id, quantity, price) VALUES (135, 106, 1, 259.25);
INSERT INTO order_items (order_id, product_id, quantity, price) VALUES (136, 109, 2, 264.8);
INSERT INTO order_items (order_id, product_id, quantity, price) VALUES (137, 112, 3, 270.35);
INSERT INTO order_items (order_id, product_id, quantity, price) VALUES (138, 115, 4, 275.9);
INSERT INTO order_items (order_id, product_id, quantity, price) VALUES (139, 118, 5, 281.45);
INSERT INTO order_items (order_id, product_id, quantity, price) VALUES (140, 121, 1, 287.0);
INSERT INTO order_items (order_id, product_id, quantity, price) VALUES (141, 124, 2, 292.55);
INSERT INTO order_items (order_id, product_id, quantity, price) VALUES (142, 127, 3, 298.1);
INSERT INTO order_items (order_id, product_id, quantity, price) VALUES (143, 130, 4, 303.65);
INSERT INTO order_items (order_id, product_id, quantity, price) VALUES (144, 133, 5, 309.2);
INSERT INTO order_items (order_id, product_id, quantity, price) VALUES (145, 136, 1, 314.75);
INSERT INTO order_items (order_id, product_id, quantity, price) VALUES (146, 139, 2, 320.3);
INSERT INTO order_items (order_id, product_id, quantity, price) VALUES (147, 142, 3, 325.85);
INSERT INTO order_items (order_id, product_id, quantity, price) VALUES (148, 145, 4, 331.4);
INSERT INTO order_items (order_id, product_id, quantity, price) VALUES (149, 148, 5, 336.95);
INSERT INTO order_items (order_id, product_id, quantity, price) VALUES (150, 1, 1, 342.5);
